ID_POLIGONO,Estado,Municipio,elevacion_msnm,pendiente_grados
AGC_196,Hidalgo,Emiliano Zapata,2542.571533203125,1.6814168691635132
AGC_044,Hidalgo,Emiliano Zapata,2530.0,0.3043224513530731
AGC_020,Hidalgo,Emiliano Zapata,2528.857177734375,0.5882852077484131
AGC_174,Hidalgo,Cuautepec de Hinojosa,2546.199951171875,2.185256242752075
AGC_083,Hidalgo,Cuautepec de Hinojosa,2565.0,2.5054149627685547
AGC_149,Hidalgo,Cuautepec de Hinojosa,2645.60009765625,5.194277286529541
AGC_052,Hidalgo,Cuautepec de Hinojosa,2625.0,5.491030216217041
AGC_009,Hidalgo,Cuautepec de Hinojosa,2690.833251953125,2.4227294921875
AGC_119,Hidalgo,Cuautepec de Hinojosa,2690.833251953125,2.4227294921875
AGC_064,Hidalgo,Cuautepec de Hinojosa,2690.833251953125,2.4227294921875
AGC_130,Hidalgo,Cuautepec de Hinojosa,2648.666748046875,4.628219127655029
AGC_035,Hidalgo,Cuautepec de Hinojosa,2527.625,0.28843098878860474
AGC_047,Hidalgo,Tepeapulco,2528.06982421875,0.5119508504867554
AGC_084,Hidalgo,Almoloya,2683.142822265625,2.8659121990203857
AGC_151,Hidalgo,Almoloya,2732.5,6.8699212074279785
AGC_137,Hidalgo,Almoloya,2718.78564453125,3.928882360458374
AGC_152,Hidalgo,Almoloya,2761.333251953125,5.2836737632751465
AGC_051,Hidalgo,Almoloya,2753.571533203125,4.575427532196045
AGC_107,Hidalgo,Almoloya,2630.0,0.7619158625602722
AGC_065,Hidalgo,Almoloya,2735.5908203125,1.868188738822937
AGC_059,Hidalgo,Almoloya,2644.60009765625,2.7876217365264893
AGC_184,Hidalgo,Almoloya,2628.5,0.6123511791229248
AGC_082,Hidalgo,Almoloya,2637.0,2.961153984069824
AGC_146,Hidalgo,Almoloya,2627.0,0.3774636387825012
AGC_128,Hidalgo,Almoloya,2631.199951171875,2.4227294921875
AGC_180,Hidalgo,Almoloya,2773.0,5.6650495529174805
AGC_134,Hidalgo,Almoloya,2761.666748046875,7.240413665771484
AGC_041,Hidalgo,Singuilucan,2700.823486328125,2.731184244155884
AGC_166,Hidalgo,Singuilucan,2690.25,3.0565667152404785
AGC_003,Hidalgo,Singuilucan,2641.818115234375,2.2394208908081055
AGC_081,Hidalgo,Singuilucan,2635.0,1.7563035488128662
AGC_129,Hidalgo,Singuilucan,2651.800048828125,1.466022253036499
AGC_034,Hidalgo,Singuilucan,2690.833251953125,1.6542038917541504
AGC_079,Hidalgo,Singuilucan,2702.46142578125,3.863280773162842
AGC_070,Hidalgo,Singuilucan,2740.199951171875,4.016872882843018
AGC_113,Hidalgo,Singuilucan,2710.5,3.2167654037475586
AGC_038,Hidalgo,Singuilucan,2706.5,4.354142189025879
AGC_042,Hidalgo,Singuilucan,2690.0,3.6429636478424072
AGC_194,Hidalgo,Singuilucan,2713.0,3.35336971282959
AGC_030,Hidalgo,Singuilucan,2765.75,1.8117595911026
AGC_078,Hidalgo,Singuilucan,2750.5,1.7023088932037354
AGC_121,Hidalgo,Singuilucan,2751.5,2.374462604522705
AGC_148,Hidalgo,Singuilucan,2746.0,1.135412335395813
AGC_067,Hidalgo,Singuilucan,2690.833251953125,2.4227294921875
AGC_089,Hidalgo,Singuilucan,2745.0,1.2083114385604858
AGC_007,Hidalgo,Singuilucan,2763.0,3.8878424167633057
AGC_080,Hidalgo,Singuilucan,2762.933349609375,0.6052016019821167
AGC_156,Hidalgo,Singuilucan,2753.0,1.3027089834213257
AGC_140,Hidalgo,Singuilucan,2747.0,0.8626766204833984
AGC_118,Hidalgo,Singuilucan,2774.5,6.329799652099609
AGC_190,Puebla,Chignahuapan,2888.75,2.1420652866363525
AGC_092,Puebla,Chignahuapan,2638.0,2.1420652866363525
AGC_091,Puebla,Chignahuapan,2636.0,2.345381021499634
AGC_060,Puebla,Chignahuapan,2725.0,7.471273899078369
AGC_115,Puebla,Chignahuapan,2601.0,0.5338064432144165
AGC_191,Puebla,Chignahuapan,2710.0,6.986496448516846
AGC_085,Puebla,Chignahuapan,2615.5,0.8297510147094727
AGC_188,Puebla,Chignahuapan,2653.0,3.2806081771850586
AGC_126,Puebla,Chignahuapan,2890.5,2.090579032897949
AGC_097,Puebla,Chignahuapan,2754.5,1.123692512512207
AGC_043,Puebla,Chignahuapan,2605.5,0.6214590668678284
AGC_185,Puebla,Chignahuapan,2631.75,3.2270729541778564
AGC_108,Puebla,Chignahuapan,2876.0,5.233781814575195
AGC_181,Puebla,Chignahuapan,2638.0,7.303390979766846
AGC_153,Puebla,Chignahuapan,2606.0,0.3043224513530731
AGC_006,Puebla,Chignahuapan,2894.0,2.73368239402771
AGC_036,Puebla,Chignahuapan,2613.666748046875,0.6813274025917053
AGC_109,Puebla,Chignahuapan,2752.666748046875,1.9678192138671875
AGC_077,Puebla,Chignahuapan,2849.5,2.109919309616089
AGC_177,Puebla,Chignahuapan,2613.0,0.83917635679245
AGC_105,Puebla,Chignahuapan,2638.0,2.1420652866363525
AGC_182,Puebla,Chignahuapan,2645.0,4.508220672607422
AGC_096,Puebla,Chignahuapan,2618.083251953125,1.0115668773651123
AGC_176,Puebla,Chignahuapan,2694.5,4.512040138244629
AGC_155,Puebla,Chignahuapan,2755.0,5.952383995056152
AGC_100,Puebla,Chignahuapan,2647.0,1.1814419031143188
AGC_135,Puebla,Chignahuapan,2638.0,2.1420652866363525
AGC_186,Puebla,Chignahuapan,2601.71435546875,1.0095438957214355
AGC_143,Puebla,Chignahuapan,2617.75,2.2870211601257324
AGC_018,Puebla,Chignahuapan,2619.0,2.083721876144409
AGC_106,Puebla,Chignahuapan,2606.666748046875,0.6007488369941711
AGC_033,Puebla,Chignahuapan,2757.333251953125,5.513100624084473
AGC_150,Puebla,Chignahuapan,2615.0,0.754894495010376
AGC_104,Puebla,Chignahuapan,2614.0,0.8277782797813416
AGC_167,Puebla,Chignahuapan,2639.0,4.586555480957031
AGC_002,Puebla,Chignahuapan,2612.0,0.6804600954055786
AGC_136,Puebla,Chignahuapan,2610.0,0.3043224513530731
AGC_178,Puebla,Chignahuapan,2641.28564453125,1.3328607082366943
AGC_125,Puebla,Chignahuapan,2608.71435546875,0.6032760739326477
AGC_116,Puebla,Chignahuapan,2605.0,0.799317479133606
AGC_162,Puebla,Chignahuapan,2833.25,4.296071529388428
AGC_057,Puebla,Chignahuapan,2638.0,2.1420652866363525
AGC_142,Puebla,Chignahuapan,2727.0,8.025115013122559
AGC_197,Puebla,Chignahuapan,2613.666748046875,1.2245756387710571
AGC_028,Puebla,Chignahuapan,2654.5,7.389216423034668
AGC_073,Puebla,Chignahuapan,2638.0,2.1420652866363525
AGC_031,Puebla,Chignahuapan,2604.0,0.5404374599456787
AGC_171,Puebla,Chignahuapan,2629.125,1.4338551759719849
AGC_111,Puebla,Chignahuapan,2878.0,7.615824222564697
AGC_015,Puebla,Chignahuapan,2671.5,2.98113751411438
AGC_063,Puebla,Chignahuapan,2607.4443359375,1.172528862953186
AGC_110,Puebla,Chignahuapan,2607.25,0.6087909936904907
AGC_032,Puebla,Chignahuapan,2638.0,2.1420652866363525
AGC_024,Puebla,Chignahuapan,2630.428466796875,0.7063652873039246
AGC_045,Puebla,Chignahuapan,2617.0,1.5282707214355469
AGC_195,Puebla,Chignahuapan,2638.0,2.1420652866363525
AGC_088,Puebla,Chignahuapan,2904.60009765625,2.243656635284424
AGC_005,Puebla,Chignahuapan,2624.0,1.4317095279693604
AGC_102,Puebla,Chignahuapan,2625.111083984375,1.5709519386291504
AGC_127,Puebla,Chignahuapan,2638.0,2.1420652866363525
AGC_101,Puebla,Chignahuapan,2623.5,2.1044108867645264
AGC_095,Puebla,Chignahuapan,2644.0,4.04818868637085
AGC_017,Puebla,Chignahuapan,2638.0,2.1420652866363525
AGC_192,Puebla,Chignahuapan,2707.0,2.5805394649505615
AGC_072,Puebla,Chignahuapan,2891.0,3.5092227458953857
AGC_159,Puebla,Chignahuapan,2628.0,1.6960170269012451
AGC_158,Puebla,Chignahuapan,2631.142822265625,0.9396345019340515
AGC_011,Puebla,Chignahuapan,2721.5,3.8585944175720215
AGC_076,Puebla,Chignahuapan,2638.0,2.1420652866363525
AGC_168,Puebla,Chignahuapan,2633.0,3.838136672973633
AGC_132,Puebla,Chignahuapan,2882.75,3.3467884063720703
AGC_062,Puebla,Chignahuapan,2638.0,2.1420652866363525
AGC_056,Puebla,Chignahuapan,2745.25,3.053598403930664
AGC_055,Puebla,Chignahuapan,2727.5,3.568366527557373
AGC_179,Puebla,Chignahuapan,2736.199951171875,4.504940032958984
AGC_139,Puebla,Chignahuapan,2638.0,2.1420652866363525
AGC_133,Puebla,Chignahuapan,2839.5,2.7536680698394775
AGC_013,Puebla,Chignahuapan,2900.0,2.9336366653442383
AGC_189,Puebla,Chignahuapan,2620.60009765625,1.728255033493042
AGC_094,Puebla,Chignahuapan,2751.0,0.3043224513530731
AGC_160,Puebla,Chignahuapan,2746.0,2.7944254875183105
AGC_124,Puebla,Chignahuapan,2704.0,7.536225318908691
AGC_172,Puebla,Chignahuapan,2885.5,4.005892276763916
AGC_026,Puebla,Chignahuapan,2617.60009765625,0.7861772179603577
AGC_175,Puebla,Chignahuapan,2648.0,3.0228371620178223
AGC_010,Puebla,Chignahuapan,2602.5,0.4497346878051758
AGC_008,Puebla,Chignahuapan,2612.857177734375,3.0422210693359375
AGC_154,Puebla,Chignahuapan,2638.0,3.305377960205078
AGC_012,Puebla,Chignahuapan,2892.5,5.177942276000977
AGC_049,Puebla,Chignahuapan,2859.0,7.5946431159973145
AGC_090,Puebla,Chignahuapan,2627.142822265625,2.5971367359161377
AGC_131,Puebla,Chignahuapan,2622.0,2.6631829738616943
AGC_022,Puebla,Chignahuapan,2620.875,1.1098453998565674
AGC_014,Puebla,Chignahuapan,2602.571533203125,0.6720284819602966
AGC_016,Puebla,Chignahuapan,2611.5,0.5804181694984436
AGC_161,Puebla,Chignahuapan,2744.0,4.862382888793945
AGC_069,Puebla,Chignahuapan,2638.0,2.1420652866363525
AGC_165,Puebla,Chignahuapan,2904.75,2.194200038909912
AGC_021,Puebla,Chignahuapan,2754.5,1.1117764711380005
AGC_193,Puebla,Chignahuapan,2631.888916015625,1.242146611213684
AGC_098,Tlaxcala,Calpulalpan,2695.75,3.4502949714660645
AGC_187,Tlaxcala,Calpulalpan,2555.25,0.8240256905555725
AGC_040,Tlaxcala,Calpulalpan,2532.666748046875,1.0466607809066772
AGC_025,Tlaxcala,Calpulalpan,2538.0,0.9089896082878113
AGC_050,Tlaxcala,Calpulalpan,2600.0,2.8287174701690674
AGC_039,Tlaxcala,Calpulalpan,2641.333251953125,5.466497421264648
AGC_099,Tlaxcala,Calpulalpan,2579.0,1.5854145288467407
AGC_048,Tlaxcala,Nanacamilpa de Mariano Arista,2564.333251953125,3.872683525085449
AGC_120,Tlaxcala,Nanacamilpa de Mariano Arista,2613.833251953125,5.4125847816467285
AGC_112,Tlaxcala,Calpulalpan,2538.333251953125,1.1082844734191895
AGC_138,Tlaxcala,Calpulalpan,2581.333251953125,1.531701922416687
AGC_029,Tlaxcala,Calpulalpan,2695.0,3.0259592533111572
AGC_122,Tlaxcala,Calpulalpan,2715.666748046875,4.828189373016357
AGC_023,Tlaxcala,Calpulalpan,2502.0,1.7799452543258667
AGC_004,Tlaxcala,Calpulalpan,2563.60009765625,1.3303149938583374
AGC_144,Tlaxcala,Calpulalpan,2642.800048828125,3.105762243270874
AGC_147,Tlaxcala,Calpulalpan,2669.199951171875,4.293670177459717
AGC_075,Tlaxcala,Calpulalpan,2612.0,1.6790742874145508
AGC_093,Tlaxcala,Calpulalpan,2617.0,1.7482396364212036
AGC_053,Tlaxcala,Calpulalpan,2588.800048828125,1.453583002090454
AGC_117,Tlaxcala,Calpulalpan,2583.0,1.8660345077514648
AGC_087,Tlaxcala,Calpulalpan,2649.5,2.2649874687194824
AGC_054,Tlaxcala,Calpulalpan,2645.0,2.251038074493408
AGC_145,Tlaxcala,Calpulalpan,2674.5,2.1150739192962646
AGC_123,Tlaxcala,Calpulalpan,2694.166748046875,1.9320002794265747
AGC_170,Tlaxcala,Calpulalpan,2501.39990234375,1.895406723022461
AGC_086,Tlaxcala,Calpulalpan,2547.75,1.0665783882141113
AGC_183,Tlaxcala,Calpulalpan,2578.25,1.1666734218597412
AGC_164,Hidalgo,Apan,2496.25,0.928104043006897
AGC_173,Tlaxcala,Calpulalpan,2566.666748046875,0.9903563857078552
AGC_027,Tlaxcala,Calpulalpan,2608.666748046875,1.3778834342956543
AGC_169,Tlaxcala,Calpulalpan,2530.0,1.378907322883606
AGC_163,Tlaxcala,Calpulalpan,2613.0,2.059140682220459
AGC_157,Tlaxcala,Calpulalpan,2617.0,1.8960661888122559
AGC_141,Tlaxcala,Calpulalpan,2620.0,1.718025803565979
AGC_061,Tlaxcala,Calpulalpan,2782.60009765625,4.935687065124512
AGC_066,Tlaxcala,Calpulalpan,2514.0,1.359150767326355
AGC_068,Tlaxcala,Calpulalpan,2520.5,1.552535057067871
AGC_071,Tlaxcala,Calpulalpan,2610.0,1.895406723022461
AGC_037,Tlaxcala,Calpulalpan,2613.0,1.6291172504425049
AGC_058,Tlaxcala,Calpulalpan,2620.39990234375,1.9111173152923584
AGC_114,Tlaxcala,Calpulalpan,2677.25,2.6079728603363037
AGC_074,Tlaxcala,Calpulalpan,2809.428466796875,5.524361610412598
AGC_019,Tlaxcala,Calpulalpan,2584.75,2.6332006454467773
AGC_103,Tlaxcala,Calpulalpan,2577.0,1.7117830514907837
AGC_046,Tlaxcala,Calpulalpan,2654.666748046875,1.9048126935958862
AGC_001,Tlaxcala,Calpulalpan,2708.833251953125,3.0812714099884033
